{
  "train": {
    "mean_psnr": 23.3217716217041,
    "std_psnr": 6.981012344360352,
    "min_psnr": 11.708203315734863,
    "max_psnr": 31.953208923339844,
    "n_samples": 8
  },
  "val": {
    "mean_psnr": 23.218486785888672,
    "std_psnr": 4.903785705566406,
    "min_psnr": 15.326682090759277,
    "max_psnr": 30.92443084716797,
    "n_samples": 8
  }
}