{
    "initial_degraded": {
        "mean_psnr": 8.7384033203125,
        "std_psnr": 2.384572982788086,
        "max_psnr": 13.299513816833496,
        "min_psnr": 6.4316606521606445
    },
    "ia_reconstructed": {
        "mean_psnr": 27.014163970947266,
        "std_psnr": 6.569766521453857,
        "max_psnr": 36.68168640136719,
        "min_psnr": 12.482558250427246
    },
    "average_net_gain_db": 18.275760650634766
}